first_name,last_name,email,phone,institution,skill_tags,experience_level,domain
Aarav,Mehta,aarav.mehta@example.com,9000000001,Texas Instruments University,"Python,ML,Data",Intermediate,ai
Maya,Chen,maya.chen@example.com,9000000002,Riverdale Institute,"React,Frontend,Node",Advanced,design
Sofia,Patel,sofia.patel@example.com,9000000003,Lakeside Tech,"Flutter,Mobile,Frontend",Beginner,design
Noah,Williams,noah.williams@example.com,9000000004,Northbridge College,"Backend,DevOps,Python",Intermediate,ai
Isha,Rao,isha.rao@example.com,9000000005,Metro State,"ML,Data,Python",Advanced,ai
Ethan,Brooks,ethan.brooks@example.com,9000000006,Western Valley University,"React,Node,Backend",Beginner,ai
Zara,Khan,zara.khan@example.com,9000000007,Texas Instruments University,"Flutter,Mobile,Data",Intermediate,design
Liam,Garcia,liam.garcia@example.com,9000000008,Riverdale Institute,"Python,Backend,DevOps",Advanced,ai
Anika,Sharma,anika.sharma@example.com,9000000009,Lakeside Tech,"React,Frontend,Data",Beginner,design
Lucas,Brown,lucas.brown@example.com,9000000010,Northbridge College,"ML,Python,Backend",Intermediate,ai
Priya,Nair,priya.nair@example.com,9000000011,Metro State,"Node,Backend,DevOps",Advanced,business
Oliver,Smith,oliver.smith@example.com,9000000012,Western Valley University,"Flutter,Mobile,React",Beginner,design
Meera,Iyer,meera.iyer@example.com,9000000013,Texas Instruments University,"Data,ML,Python",Advanced,ai
Daniel,Kim,daniel.kim@example.com,9000000014,Riverdale Institute,"Frontend,React,Flutter",Intermediate,design
Fatima,Ali,fatima.ali@example.com,9000000015,Lakeside Tech,"Backend,Node,DevOps",Beginner,business
James,Wilson,james.wilson@example.com,9000000016,Northbridge College,"Python,Data,Backend",Advanced,ai
Nina,Kapoor,nina.kapoor@example.com,9000000017,Metro State,"Mobile,Flutter,Frontend",Intermediate,design
Mateo,Rodriguez,mateo.rodriguez@example.com,9000000018,Western Valley University,"ML,Data,Node",Beginner,business
Kavya,Menon,kavya.menon@example.com,9000000019,Texas Instruments University,"React,Frontend,DevOps",Intermediate,design
Henry,Davis,henry.davis@example.com,9000000020,Riverdale Institute,"Python,ML,Backend",Advanced,ai
Riya,Sen,riya.sen@example.com,9000000021,Lakeside Tech,"Node,Backend,Data",Beginner,business
Benjamin,Lee,benjamin.lee@example.com,9000000022,Northbridge College,"Flutter,Mobile,React",Intermediate,design
Aisha,Thomas,aisha.thomas@example.com,9000000023,Metro State,"DevOps,Backend,Python",Advanced,business
Samir,Gupta,samir.gupta@example.com,9000000024,Western Valley University,"Frontend,React,Data",Beginner,business
